day,year,mo,da,pickup_date,temp,dewp,slp,visib,wdsp,mxpsd,gust,max,min,prcp,sndp,fog,NUM_TRIPS
4,2015,01,01,2015-01-01,31.8,15.1,1018.6,9.9,13.6,24.1,33.0,39.9,21.9,0.0,999.9,0,382014
5,2015,01,02,2015-01-02,40.4,21.5,1018.3,10.0,13.1,19.0,31.1,45.0,28.0,0.0,999.9,0,345296
6,2015,01,03,2015-01-03,34.5,19.8,1033.9,9.5,11.1,17.1,26.0,45.0,30.0,0.0,999.9,0,406769
7,2015,01,04,2015-01-04,48.6,46.9,1015.4,1.9,15.5,22.9,28.9,54.0,30.0,0.21,999.9,1,328848
1,2015,01,05,2015-01-05,44.0,32.1,1012.9,7.6,16.3,28.9,39.0,55.0,28.9,0.27,999.9,0,363454
2,2015,01,06,2015-01-06,20.8,5.2,1025.2,8.8,10.3,21.0,31.1,28.0,19.0,0.0,999.9,0,384324
3,2015,01,07,2015-01-07,22.6,10.2,1011.8,9.4,12.1,26.0,35.9,27.0,17.1,0.0,999.9,0,429653
4,2015,01,08,2015-01-08,13.1,-2.4,1022.7,9.9,14.8,21.0,29.9,27.0,6.1,0.0,999.9,0,450920
5,2015,01,09,2015-01-09,35.2,22.5,1018.1,9.5,21.0,38.1,49.0,46.0,26.1,0.0,999.9,0,447947
6,2015,01,10,2015-01-10,26.9,10.0,1025.0,10.0,10.2,17.1,22.0,30.0,21.9,0.0,999.9,0,515540
7,2015,01,11,2015-01-11,27.1,12.1,1035.5,10.0,8.8,13.0,17.1,37.0,19.9,0.0,999.9,0,419629
1,2015,01,12,2015-01-12,40.9,35.6,1028.3,7.7,6.3,14.0,29.9,52.0,21.0,0.0,999.9,1,396367
2,2015,01,13,2015-01-13,32.6,25.6,1028.5,8.4,16.3,22.9,28.9,52.0,26.1,0.82,999.9,0,448517
3,2015,01,14,2015-01-14,32.1,24.0,1031.2,8.0,9.6,13.0,22.9,37.0,26.1,0.15,999.9,0,442656
4,2015,01,15,2015-01-15,35.8,33.6,1015.5,2.8,14.1,17.1,24.1,37.9,28.0,0.03,999.9,0,451186
5,2015,01,16,2015-01-16,34.5,23.4,1008.6,10.0,14.9,25.1,34.0,39.9,28.9,0.02,999.9,0,478124
6,2015,01,17,2015-01-17,20.2,1.9,1023.6,10.0,13.3,21.0,31.1,39.9,15.1,0.0,999.9,0,476827
7,2015,01,18,2015-01-18,40.0,32.8,1021.4,9.2,13.4,25.1,31.1,50.0,14.0,0.0,999.9,0,427042
1,2015,01,19,2015-01-19,41.7,36.0,1005.0,8.2,13.5,25.1,46.0,50.0,30.9,0.26,999.9,0,342795
2,2015,01,20,2015-01-20,35.7,23.4,1009.5,10.0,13.1,20.0,26.0,44.1,33.1,0.03,999.9,0,405581
3,2015,01,21,2015-01-21,32.3,17.7,1018.1,10.0,7.9,13.0,999.9,39.0,25.0,0.0,999.9,0,431486
4,2015,01,22,2015-01-22,35.5,30.5,1021.0,8.4,8.4,12.0,999.9,39.0,25.0,0.13,999.9,0,452108
5,2015,01,23,2015-01-23,31.6,20.4,1022.8,10.0,10.4,15.9,999.9,39.0,27.0,0.09,999.9,0,472440
6,2015,01,24,2015-01-24,38.5,34.8,1003.3,6.7,12.4,25.1,33.0,45.0,27.0,0.23,999.9,0,460505
7,2015,01,25,2015-01-25,36.5,26.7,1000.4,9.4,16.0,22.0,32.1,45.0,33.1,0.9,999.9,0,407579
1,2015,01,26,2015-01-26,31.2,20.9,1015.7,6.7,12.7,24.1,31.1,43.0,26.1,0.0,999.9,0,230255
2,2015,01,27,2015-01-27,30.2,27.9,993.7,0.6,39.3,48.0,62.9,33.8,21.0,0.4,999.9,1,135500
3,2015,01,28,2015-01-28,21.6,14.7,1009.6,6.6,16.6,29.9,44.1,26.1,19.0,0.23,999.9,0,380192
4,2015,01,29,2015-01-29,29.2,20.9,1022.9,10.0,8.5,13.0,20.0,36.0,19.0,0.0,999.9,0,431985
5,2015,01,30,2015-01-30,35.1,31.1,1012.2,8.4,8.1,15.0,999.9,41.0,23.0,0.0,999.9,0,483380
6,2015,01,31,2015-01-31,24.5,12.9,1006.9,7.8,20.3,27.0,36.9,34.0,17.1,0.06,999.9,0,520067
7,2015,02,01,2015-02-01,24.8,10.2,1018.4,10.0,16.8,25.1,32.1,32.0,17.1,0.0,999.9,0,423113
1,2015,02,02,2015-02-02,33.1,27.4,1014.4,5.7,12.8,27.0,36.9,46.0,19.9,0.0,999.9,1,336849
2,2015,02,03,2015-02-03,21.0,11.7,1016.9,9.3,17.6,33.0,42.9,46.0,14.0,0.86,999.9,0,421128
3,2015,02,04,2015-02-04,28.1,18.4,1024.9,10.0,7.6,12.0,999.9,39.9,14.0,0.0,999.9,0,415624
4,2015,02,05,2015-02-05,34.1,28.9,1012.6,7.2,12.9,28.9,40.0,39.9,15.1,0.0,999.9,1,459717
5,2015,02,06,2015-02-06,16.8,5.0,1018.5,9.8,15.8,26.0,38.1,39.9,10.9,0.01,999.9,0,476995
6,2015,02,07,2015-02-07,27.4,16.0,1019.2,9.5,10.3,15.9,999.9,33.1,10.9,0.0,999.9,0,485504
7,2015,02,08,2015-02-08,34.5,29.9,1015.9,7.6,6.0,9.9,999.9,37.9,21.9,0.0,999.9,0,410477
1,2015,02,09,2015-02-09,37.1,34.3,1014.1,6.3,14.9,20.0,28.0,37.9,30.9,0.04,999.9,0,381114
2,2015,02,10,2015-02-10,36.4,32.9,1013.9,7.4,21.1,27.0,34.0,37.9,35.1,0.07,999.9,0,424564
3,2015,02,11,2015-02-11,32.6,23.3,1014.0,9.9,23.9,29.9,40.0,37.0,30.9,0.01,999.9,0,447258
4,2015,02,12,2015-02-12,31.0,23.6,1009.5,8.9,9.5,14.0,999.9,35.1,27.0,0.0,999.9,0,463682
5,2015,02,13,2015-02-13,21.8,11.0,1010.9,8.1,16.2,24.1,33.0,35.1,14.0,0.04,999.9,0,486241
6,2015,02,14,2015-02-14,20.6,8.9,1016.8,8.6,8.4,21.0,999.9,33.1,8.1,0.0,999.9,1,501397
7,2015,02,15,2015-02-15,25.7,21.0,996.7,4.6,19.6,41.0,55.9,34.0,8.1,0.04,999.9,1,459094
1,2015,02,16,2015-02-16,10.7,-4.6,1010.9,8.6,22.7,29.9,42.9,32.0,1.9,0.0,999.9,0,412835
2,2015,02,17,2015-02-17,21.7,11.8,1014.9,6.5,7.7,15.9,22.0,28.9,17.1,0.0,999.9,0,394363
3,2015,02,18,2015-02-18,30.6,24.5,1010.4,10.0,8.8,13.0,999.9,36.0,16.0,0.0,999.9,0,436607
4,2015,02,19,2015-02-19,27.0,19.7,1003.6,6.9,11.0,25.1,32.1,36.0,19.9,0.0,999.9,0,477678
5,2015,02,20,2015-02-20,14.1,-0.8,1013.5,9.5,18.8,24.1,32.1,19.0,8.6,0.01,999.9,0,498957
6,2015,02,21,2015-02-21,21.9,10.6,1031.6,10.0,8.5,15.9,999.9,37.0,3.9,0.0,999.9,0,455297
7,2015,02,22,2015-02-22,36.0,34.0,1021.6,2.6,7.7,22.0,28.0,41.0,33.1,0.82,999.9,1,399059
1,2015,02,23,2015-02-23,29.4,19.6,1020.2,6.0,8.9,18.1,25.1,41.0,21.0,0.25,999.9,1,431831
2,2015,02,24,2015-02-24,14.3,0.2,1024.1,10.0,11.9,20.0,26.0,33.1,8.1,0.0,999.9,0,448513
3,2015,02,25,2015-02-25,29.9,21.8,1009.4,7.9,12.4,20.0,27.0,33.8,23.0,0.02,999.9,0,444233
4,2015,02,26,2015-02-26,28.0,19.6,1014.9,7.5,12.0,25.1,31.1,33.1,25.0,0.0,999.9,1,471732
5,2015,02,27,2015-02-27,24.2,12.2,1023.7,10.0,9.3,15.9,999.9,30.9,19.9,0.0,999.9,0,487022
6,2015,02,28,2015-02-28,22.2,9.9,1037.3,10.0,7.2,11.1,15.0,28.0,16.0,0.0,999.9,0,499637
7,2015,03,01,2015-03-01,23.1,14.2,1037.5,9.1,5.1,8.9,999.9,30.9,10.0,0.0,999.9,0,385267
1,2015,03,02,2015-03-02,33.4,27.2,1016.1,6.8,10.9,20.0,28.0,36.0,30.2,0.36,999.9,0,388548
2,2015,03,03,2015-03-03,27.0,10.3,1026.1,10.0,10.8,15.9,21.0,36.0,23.0,0.12,999.9,0,397691
3,2015,03,04,2015-03-04,36.1,33.8,1009.2,3.1,14.8,20.0,28.0,41.0,23.0,0.31,999.9,1,435759
4,2015,03,05,2015-03-05,32.7,30.2,1014.8,1.6,10.0,15.9,25.1,41.0,24.1,0.31,999.9,1,366435
5,2015,03,06,2015-03-06,22.7,12.6,1028.3,8.3,11.7,19.0,26.0,37.0,16.0,0.01,999.9,0,446842
6,2015,03,07,2015-03-07,25.0,15.9,1023.3,9.9,10.9,21.0,28.9,33.1,12.0,0.0,999.9,0,504246
7,2015,03,08,2015-03-08,33.8,28.0,1016.9,9.2,8.0,17.1,27.0,39.0,14.0,0.0,999.9,0,411917
1,2015,03,09,2015-03-09,35.6,26.1,1020.1,9.6,9.5,20.0,25.1,44.1,24.1,0.0,999.9,0,392009
2,2015,03,10,2015-03-10,36.5,30.3,1025.5,9.9,6.0,13.0,999.9,44.1,24.1,0.0,999.9,0,413949
3,2015,03,11,2015-03-11,42.1,38.5,1012.8,5.0,12.3,19.0,25.1,48.0,28.0,0.55,999.9,1,428366
4,2015,03,12,2015-03-12,38.1,21.9,1020.9,10.0,14.1,22.9,31.1,48.0,33.1,0.25,999.9,0,461719
5,2015,03,13,2015-03-13,31.1,11.6,1034.5,10.0,12.3,20.0,26.0,41.0,26.1,0.0,999.9,0,476936
6,2015,03,14,2015-03-14,38.7,33.3,1025.1,5.8,10.8,21.0,28.0,46.0,26.1,0.0,999.9,1,496525
7,2015,03,15,2015-03-15,38.5,33.8,1002.5,7.0,12.3,21.0,28.9,46.0,30.9,1.16,999.9,0,418778
1,2015,03,16,2015-03-16,32.9,18.5,1011.1,9.0,17.1,27.0,39.0,43.0,28.0,0.01,999.9,0,374820
2,2015,03,17,2015-03-17,38.6,34.1,1003.7,7.9,10.1,27.0,39.0,46.9,28.0,0.01,999.9,0,413376
3,2015,03,18,2015-03-18,31.0,3.9,1009.0,10.0,21.1,29.9,44.1,46.9,28.0,0.19,999.9,0,452981
4,2015,03,19,2015-03-19,27.6,-1.5,1020.8,10.0,18.3,26.0,35.0,35.1,21.9,0.0,999.9,0,451904
5,2015,03,20,2015-03-20,30.3,13.2,1027.2,9.0,6.3,13.0,15.9,35.1,21.9,0.0,999.9,0,458225
6,2015,03,21,2015-03-21,34.2,31.0,1016.6,7.0,8.5,13.0,999.9,41.0,21.9,0.02,999.9,0,468108
7,2015,03,22,2015-03-22,35.1,18.8,1011.9,9.4,15.7,25.1,33.0,41.0,21.0,0.13,999.9,0,429016
1,2015,03,23,2015-03-23,27.2,1.4,1019.5,10.0,14.9,22.0,32.1,37.9,21.0,0.0,999.9,0,390353
2,2015,03,24,2015-03-24,31.4,16.3,1024.7,10.0,6.7,11.1,999.9,37.9,21.0,0.0,999.9,0,412152
3,2015,03,25,2015-03-25,33.6,24.1,1028.8,9.9,6.7,11.1,999.9,44.1,24.1,0.0,999.9,0,427026
4,2015,03,26,2015-03-26,42.6,39.7,1016.9,4.2,12.8,18.1,27.0,46.9,27.0,0.02,999.9,1,427632
5,2015,03,27,2015-03-27,42.4,40.0,1004.3,5.1,13.1,20.0,31.1,48.9,37.9,0.44,999.9,1,465493
6,2015,03,28,2015-03-28,37.4,34.5,1005.4,7.8,12.7,20.0,28.0,39.0,33.8,0.24,999.9,0,510351
7,2015,03,29,2015-03-29,34.9,23.9,1019.2,9.5,10.6,18.1,22.9,39.9,28.9,0.19,999.9,0,424267
1,2015,03,30,2015-03-30,36.8,28.3,1014.8,9.8,11.0,14.0,20.0,44.1,27.0,0.0,999.9,0,391004
2,2015,03,31,2015-03-31,39.4,31.2,1008.0,9.8,13.6,20.0,26.0,46.0,33.1,0.0,999.9,0,429914
3,2015,04,01,2015-04-01,37.9,24.8,1012.3,9.8,11.5,21.0,26.0,46.0,34.0,0.01,999.9,0,440246
4,2015,04,02,2015-04-02,37.1,27.6,1022.3,9.9,7.0,15.9,999.9,46.9,24.1,0.0,999.9,0,444300
5,2015,04,03,2015-04-03,45.0,41.6,1012.8,5.9,14.6,19.0,22.0,48.0,42.1,0.0,999.9,0,444077
6,2015,04,04,2015-04-04,47.3,39.1,1004.1,4.8,13.7,26.0,35.0,57.0,41.0,0.27,999.9,1,440170
7,2015,04,05,2015-04-05,41.6,27.3,1020.4,10.0,12.5,18.1,25.1,57.0,34.0,0.05,999.9,0,377462
1,2015,04,06,2015-04-06,43.2,36.1,1026.3,9.5,6.8,13.0,999.9,51.1,32.0,0.0,999.9,1,375754
2,2015,04,07,2015-04-07,44.2,40.5,1024.0,8.6,9.3,18.1,21.0,51.1,32.0,0.12,999.9,0,425909
3,2015,04,08,2015-04-08,41.2,34.2,1028.3,10.0,14.8,22.0,28.0,48.0,39.0,0.06,999.9,0,443492
4,2015,04,09,2015-04-09,39.4,35.5,1024.6,4.5,18.7,24.1,33.0,46.9,37.0,0.18,999.9,0,460476
5,2015,04,10,2015-04-10,43.9,41.7,1015.2,3.6,9.4,21.0,27.0,53.1,37.0,0.01,999.9,1,468077
6,2015,04,11,2015-04-11,47.8,40.7,1010.9,5.1,12.4,19.0,24.1,57.9,39.9,0.26,999.9,1,473730
7,2015,04,12,2015-04-12,45.0,31.4,1022.8,10.0,10.1,15.9,22.9,57.9,32.0,0.0,999.9,0,407342
1,2015,04,13,2015-04-13,45.0,38.2,1027.8,10.0,9.1,12.0,999.9,54.0,32.0,0.0,999.9,0,377158
2,2015,04,14,2015-04-14,49.8,46.3,1021.3,8.9,10.2,20.0,29.9,54.0,37.9,0.0,999.9,0,411892
3,2015,04,15,2015-04-15,50.6,35.8,1019.2,8.3,6.9,19.0,27.0,62.1,37.9,0.03,999.9,1,427092
4,2015,04,16,2015-04-16,46.4,28.5,1029.7,10.0,8.6,13.0,17.1,62.1,37.9,0.0,999.9,0,452157
5,2015,04,17,2015-04-17,47.5,43.2,1021.5,6.9,12.5,15.9,24.1,54.0,39.0,0.0,999.9,1,469283
6,2015,04,18,2015-04-18,51.9,45.2,1012.7,7.3,7.7,14.0,999.9,64.0,41.0,0.12,999.9,1,500928
7,2015,04,19,2015-04-19,46.3,37.4,1022.0,9.9,11.0,20.0,27.0,64.0,39.9,0.0,999.9,0,445785
1,2015,04,20,2015-04-20,45.2,40.7,1019.6,8.5,16.2,28.9,38.1,52.0,39.9,0.0,999.9,0,397259
2,2015,04,21,2015-04-21,51.5,48.6,1004.0,3.6,14.3,26.0,35.0,55.9,39.9,0.32,999.9,1,426137
3,2015,04,22,2015-04-22,49.8,39.7,1007.9,10.0,8.6,15.9,22.0,57.0,37.9,0.05,999.9,0,432491
4,2015,04,23,2015-04-23,46.9,37.6,1003.6,9.8,13.4,22.0,28.9,57.0,37.9,0.13,999.9,0,463486
5,2015,04,24,2015-04-24,44.0,27.7,1006.0,10.0,14.6,21.0,28.0,51.1,37.9,0.0,999.9,0,474068
6,2015,04,25,2015-04-25,43.7,27.5,1007.6,9.9,12.9,19.0,22.9,51.1,37.0,0.0,999.9,0,489474
7,2015,04,26,2015-04-26,46.1,34.0,1004.6,9.8,7.4,11.1,999.9,54.0,37.0,0.0,999.9,0,424608
1,2015,04,27,2015-04-27,49.0,37.9,1001.5,10.0,8.9,15.0,21.0,57.0,39.0,0.0,999.9,0,393526
2,2015,04,28,2015-04-28,46.0,35.9,1004.1,9.8,15.7,26.0,33.0,57.0,41.0,0.02,999.9,0,411771
3,2015,04,29,2015-04-29,49.3,38.5,1004.5,9.8,7.8,14.0,18.1,55.9,39.9,0.0,999.9,0,427507
4,2015,04,30,2015-04-30,48.1,38.3,1009.8,10.0,7.8,15.9,19.0,57.0,39.0,0.0,999.9,0,446132
5,2015,05,01,2015-05-01,43.8,37.2,1014.2,9.6,13.3,19.0,22.9,57.0,39.0,0.0,999.9,0,461547
6,2015,05,02,2015-05-02,44.4,36.7,1015.4,10.0,9.6,15.0,999.9,51.1,39.0,0.0,999.9,0,507619
7,2015,05,03,2015-05-03,44.5,38.0,1019.0,9.9,5.3,11.1,999.9,53.1,32.0,0.0,999.9,1,434789
1,2015,05,04,2015-05-04,52.2,47.2,1023.4,9.9,8.8,14.0,20.0,60.1,32.0,0.0,999.9,0,390266
2,2015,05,05,2015-05-05,57.1,48.6,1022.4,9.8,11.0,15.9,21.0,71.1,46.0,0.0,999.9,0,432452
3,2015,05,06,2015-05-06,55.3,42.1,1023.9,9.7,6.8,13.0,999.9,71.1,46.9,0.0,999.9,0,444948
4,2015,05,07,2015-05-07,55.9,42.3,1022.4,9.8,7.2,14.0,999.9,70.0,42.1,0.0,999.9,0,442222
5,2015,05,08,2015-05-08,52.4,47.8,1021.8,7.1,8.8,14.0,999.9,70.0,42.1,0.0,999.9,1,449009
6,2015,05,09,2015-05-09,54.3,50.9,1026.1,4.4,6.4,11.1,999.9,64.9,46.9,0.0,999.9,1,469017
7,2015,05,10,2015-05-10,57.0,54.8,1023.5,0.8,8.3,17.1,999.9,64.9,50.0,0.01,999.9,1,405427
1,2015,05,11,2015-05-11,57.9,55.9,1020.7,0.8,11.1,15.9,21.0,66.9,54.0,0.0,999.9,1,395280
2,2015,05,12,2015-05-12,58.3,56.2,1012.5,0.9,11.3,18.1,24.1,66.9,54.0,0.02,999.9,1,424512
3,2015,05,13,2015-05-13,59.5,47.2,1012.4,8.7,12.2,17.1,24.1,66.9,53.1,0.0,999.9,0,439371
4,2015,05,14,2015-05-14,54.0,39.9,1025.2,10.0,6.9,13.0,999.9,66.9,45.0,0.0,999.9,0,439936
5,2015,05,15,2015-05-15,54.4,46.4,1025.7,10.0,9.7,13.0,999.9,64.9,46.9,0.0,999.9,0,457541
6,2015,05,16,2015-05-16,55.5,50.3,1023.7,9.9,7.5,11.1,999.9,64.0,48.0,0.0,999.9,0,479580
7,2015,05,17,2015-05-17,63.1,56.2,1020.3,9.4,9.1,18.1,21.0,78.1,50.0,0.0,999.9,0,423198
1,2015,05,18,2015-05-18,53.9,48.8,1023.2,5.7,9.4,17.1,18.1,60.1,48.0,0.0,999.9,1,403641
2,2015,05,19,2015-05-19,51.4,49.9,1015.7,2.3,8.6,13.0,999.9,61.0,46.0,0.0,999.9,1,432943
3,2015,05,20,2015-05-20,58.8,50.1,1007.7,6.1,11.2,19.0,28.9,64.9,46.0,0.3,999.9,1,441232
4,2015,05,21,2015-05-21,54.8,41.1,1014.1,10.0,7.7,14.0,19.0,64.9,48.0,0.0,999.9,0,446819
5,2015,05,22,2015-05-22,53.8,48.0,1011.7,9.1,9.2,15.9,999.9,61.0,48.0,0.69,999.9,0,419629
6,2015,05,23,2015-05-23,54.8,33.2,1023.4,10.0,15.0,22.9,28.0,61.0,48.0,0.61,999.9,0,383363
7,2015,05,24,2015-05-24,56.5,48.2,1026.6,10.0,15.5,22.0,25.1,63.0,51.1,0.0,999.9,0,336652
1,2015,05,25,2015-05-25,58.9,52.6,1025.6,10.0,11.4,15.0,999.9,66.0,51.1,0.0,999.9,0,301706
2,2015,05,26,2015-05-26,61.1,56.2,1024.1,9.8,14.4,19.0,24.1,66.0,54.0,0.0,999.9,0,387134
3,2015,05,27,2015-05-27,62.4,57.8,1023.8,8.5,13.4,18.1,24.1,68.0,57.9,0.0,999.9,0,415919
4,2015,05,28,2015-05-28,62.4,57.6,1023.0,9.2,11.7,15.9,22.0,68.0,59.0,0.0,999.9,0,432112
5,2015,05,29,2015-05-29,65.4,57.4,1024.6,9.2,5.7,9.9,999.9,75.9,60.1,0.0,999.9,0,441299
6,2015,05,30,2015-05-30,63.3,59.9,1023.5,4.2,8.5,15.0,999.9,75.9,57.9,0.0,999.9,1,451080
7,2015,05,31,2015-05-31,64.7,60.9,1019.8,7.1,11.2,15.0,21.0,71.1,59.0,0.0,999.9,1,368019
1,2015,06,01,2015-06-01,55.9,52.8,1021.5,4.9,12.7,19.0,999.9,71.1,53.1,0.0,999.9,0,400833
2,2015,06,02,2015-06-02,53.4,50.1,1019.5,6.6,13.7,19.0,22.9,61.0,51.1,0.08,999.9,0,419994
3,2015,06,03,2015-06-03,53.0,44.9,1022.7,10.0,13.9,19.0,25.1,57.9,50.0,0.07,999.9,0,425776
4,2015,06,04,2015-06-04,52.2,42.8,1025.5,10.0,7.9,14.0,18.1,60.1,43.0,0.01,999.9,0,444543
5,2015,06,05,2015-06-05,53.1,46.6,1021.2,10.0,7.3,11.1,999.9,60.1,43.0,0.0,999.9,0,451185
6,2015,06,06,2015-06-06,58.0,52.5,1012.6,8.4,11.5,22.0,28.9,63.0,46.9,0.05,999.9,1,449804
7,2015,06,07,2015-06-07,59.5,45.8,1020.5,10.0,7.7,11.1,999.9,69.1,51.1,0.14,999.9,0,402188
1,2015,06,08,2015-06-08,59.6,51.8,1018.6,10.0,10.6,15.9,999.9,69.1,51.1,0.0,999.9,0,391087
2,2015,06,09,2015-06-09,64.0,59.9,1010.5,7.9,14.2,17.1,25.1,70.0,53.1,0.0,999.9,0,409188
3,2015,06,10,2015-06-10,65.2,58.5,1010.9,6.4,8.8,12.0,999.9,73.0,57.9,0.07,999.9,1,424356
4,2015,06,11,2015-06-11,64.6,59.7,1012.3,9.1,11.8,18.1,22.0,73.0,57.9,0.0,999.9,0,439869
5,2015,06,12,2015-06-12,67.0,60.2,1014.4,5.9,6.8,13.0,999.9,79.0,61.0,0.0,999.9,1,443026
6,2015,06,13,2015-06-13,68.0,61.0,1012.6,6.0,10.9,21.0,25.1,79.0,61.0,0.02,999.9,1,428004
7,2015,06,14,2015-06-14,66.9,53.5,1017.2,10.0,8.9,13.0,15.9,75.9,59.0,0.0,999.9,0,382037
1,2015,06,15,2015-06-15,57.8,51.4,1019.2,8.0,9.9,15.9,999.9,59.0,55.0,0.0,999.9,0,374858
2,2015,06,16,2015-06-16,64.2,61.9,1012.8,3.6,7.1,19.0,25.1,73.0,55.9,0.47,999.9,1,400518
3,2015,06,17,2015-06-17,64.8,53.9,1017.3,8.4,14.5,22.9,31.1,66.9,57.0,0.0,999.9,1,425743
4,2015,06,18,2015-06-18,59.1,47.7,1019.3,10.0,3.9,8.0,999.9,66.9,48.9,0.0,999.9,0,429386
5,2015,06,19,2015-06-19,65.6,58.0,1013.2,10.0,7.4,11.1,14.0,80.1,48.9,0.0,999.9,0,436303
6,2015,06,20,2015-06-20,62.0,56.0,1018.8,10.0,9.0,15.0,20.0,80.1,55.9,0.0,999.9,0,413866
7,2015,06,21,2015-06-21,64.9,61.5,1014.6,6.2,11.3,18.1,28.0,71.6,59.0,0.0,999.9,1,366158
1,2015,06,22,2015-06-22,67.1,62.7,1012.0,6.2,6.2,12.0,999.9,77.0,59.0,1.8,999.9,1,374849
2,2015,06,23,2015-06-23,65.5,61.1,1013.9,7.8,10.2,18.1,26.0,77.0,59.0,0.0,999.9,1,406139
3,2015,06,24,2015-06-24,70.8,62.5,1011.9,8.2,9.4,18.1,28.0,79.0,59.0,0.21,999.9,1,411370
4,2015,06,25,2015-06-25,68.7,57.9,1015.5,10.0,7.4,11.1,999.9,79.0,62.1,0.0,999.9,0,419739
5,2015,06,26,2015-06-26,66.0,60.5,1014.8,9.9,7.9,15.0,999.9,77.0,61.0,0.0,999.9,0,425774
6,2015,06,27,2015-06-27,61.5,55.4,1020.4,9.2,8.4,12.0,999.9,72.0,54.0,0.0,999.9,1,445861
7,2015,06,28,2015-06-28,64.4,61.6,1010.4,4.3,13.0,28.9,42.9,71.1,54.0,0.03,999.9,1,348433
1,2015,06,29,2015-06-29,64.3,59.4,1010.8,7.4,9.7,15.9,999.9,71.1,57.0,0.11,999.9,1,359808
2,2015,06,30,2015-06-30,67.1,61.8,1015.7,9.3,7.1,9.9,999.9,73.9,57.0,0.0,999.9,0,374240
3,2015,07,01,2015-07-01,65.5,62.2,1011.8,6.5,10.4,15.0,28.9,72.0,61.0,0.0,999.9,1,390084
4,2015,07,02,2015-07-02,68.7,62.5,1011.7,7.1,7.0,12.0,999.9,77.0,61.0,0.0,999.9,0,365953
5,2015,07,03,2015-07-03,68.3,58.3,1013.2,7.6,5.8,17.1,999.9,77.0,61.0,0.0,999.9,1,304176
6,2015,07,04,2015-07-04,62.9,55.4,1015.2,8.0,6.2,11.1,999.9,77.0,55.9,0.0,999.9,0,254353
7,2015,07,05,2015-07-05,65.8,59.5,1017.5,9.3,8.2,15.0,999.9,73.9,55.0,0.0,999.9,0,275555
1,2015,07,06,2015-07-06,69.2,64.4,1021.3,8.8,8.2,14.0,999.9,78.1,55.0,0.0,999.9,0,315526
2,2015,07,07,2015-07-07,68.1,64.3,1019.7,7.4,8.2,11.1,999.9,78.1,62.1,0.0,999.9,0,367579
3,2015,07,08,2015-07-08,70.6,67.8,1014.3,3.8,9.8,15.0,999.9,75.9,62.1,0.0,999.9,1,393186
4,2015,07,09,2015-07-09,69.1,61.2,1014.2,8.5,9.8,15.9,22.0,75.9,66.0,0.0,999.9,0,405656
5,2015,07,10,2015-07-10,65.2,60.1,1011.8,8.7,7.9,15.9,20.0,75.0,60.1,0.0,999.9,0,401014
6,2015,07,11,2015-07-11,71.8,62.1,1015.9,10.0,8.4,14.0,999.9,81.0,60.1,0.0,999.9,0,407202
7,2015,07,12,2015-07-12,71.5,64.6,1016.1,9.7,9.3,14.0,999.9,81.0,64.9,0.0,999.9,0,364211
1,2015,07,13,2015-07-13,70.9,64.9,1013.8,8.3,5.3,8.0,999.9,80.1,66.0,0.0,999.9,0,350162
2,2015,07,14,2015-07-14,67.4,63.0,1008.6,9.8,9.2,15.9,20.0,79.0,62.1,0.0,999.9,0,385566
3,2015,07,15,2015-07-15,72.3,68.8,1004.1,6.8,4.5,11.1,999.9,82.0,62.1,0.01,999.9,1,404755
4,2015,07,16,2015-07-16,67.3,57.3,1013.9,9.2,16.6,22.0,28.0,82.0,60.1,0.0,999.9,0,400140
5,2015,07,17,2015-07-17,64.9,57.6,1019.1,10.0,6.0,9.9,999.9,73.0,54.0,0.0,999.9,0,365045
6,2015,07,18,2015-07-18,67.8,60.5,1017.0,10.0,9.7,13.0,999.9,73.9,55.0,0.0,999.9,0,403824
7,2015,07,19,2015-07-19,71.4,67.9,1011.9,6.9,9.0,12.0,999.9,77.0,64.0,0.0,999.9,1,395475
1,2015,07,20,2015-07-20,73.4,69.9,1005.9,4.1,9.3,13.0,999.9,81.0,69.1,0.0,999.9,1,374211
2,2015,07,21,2015-07-21,72.6,69.7,1003.7,3.6,5.4,8.9,999.9,82.0,68.0,0.0,999.9,1,375036
3,2015,07,22,2015-07-22,73.7,65.0,1003.6,7.8,9.2,15.9,21.0,82.0,68.0,0.0,999.9,1,392078
4,2015,07,23,2015-07-23,71.9,60.8,1010.4,10.0,8.3,14.0,999.9,80.1,63.0,0.0,999.9,0,404102
5,2015,07,24,2015-07-24,71.7,60.3,1012.2,10.0,7.5,12.0,999.9,80.1,62.1,0.0,999.9,0,403878
6,2015,07,25,2015-07-25,68.5,60.2,1015.0,9.7,4.4,8.9,999.9,80.1,60.1,0.0,999.9,0,387034
7,2015,07,26,2015-07-26,65.8,61.6,1017.5,8.8,8.5,15.0,999.9,77.0,60.1,0.0,999.9,1,349537
1,2015,07,27,2015-07-27,71.1,66.5,1017.3,9.9,8.3,9.9,999.9,75.0,61.0,0.0,999.9,0,348629
2,2015,07,28,2015-07-28,72.4,68.7,1016.2,9.0,7.2,11.1,999.9,80.1,68.0,0.0,999.9,1,384234
3,2015,07,29,2015-07-29,76.0,69.9,1014.2,5.4,6.8,12.0,999.9,86.0,68.0,0.0,999.9,1,405923
4,2015,07,30,2015-07-30,74.2,70.7,1012.2,6.2,9.7,14.0,999.9,86.0,69.1,0.0,999.9,0,390844
5,2015,07,31,2015-07-31,76.7,68.5,1009.5,8.5,8.5,12.0,17.1,87.1,71.1,0.0,999.9,0,397815
6,2015,08,01,2015-08-01,73.4,68.5,1008.9,8.9,9.2,15.0,19.0,87.1,66.0,0.0,999.9,1,389728
7,2015,08,02,2015-08-02,75.9,64.8,1011.7,9.0,7.8,12.0,999.9,82.9,66.0,0.0,999.9,0,348541
1,2015,08,03,2015-08-03,74.0,68.2,1012.1,9.1,8.9,14.0,999.9,82.9,69.1,0.0,999.9,0,348819
2,2015,08,04,2015-08-04,75.0,71.7,1011.3,6.1,10.4,15.0,22.0,81.0,70.0,0.0,999.9,0,376465
3,2015,08,05,2015-08-05,74.5,68.8,1011.2,7.6,7.8,12.0,999.9,81.0,68.0,0.02,999.9,1,391642
4,2015,08,06,2015-08-06,73.5,59.6,1012.4,10.0,9.3,15.0,999.9,81.0,66.9,0.0,999.9,0,391002
5,2015,08,07,2015-08-07,71.2,61.9,1013.1,10.0,7.4,12.0,999.9,79.0,64.0,0.0,999.9,0,386930
6,2015,08,08,2015-08-08,69.7,61.1,1013.8,10.0,11.8,15.0,22.0,78.1,64.0,0.0,999.9,0,363549
7,2015,08,09,2015-08-09,67.0,62.1,1014.6,9.2,13.1,18.1,26.0,77.0,64.0,0.0,999.9,0,317615
1,2015,08,10,2015-08-10,66.9,60.8,1017.6,9.3,6.6,13.0,999.9,73.9,55.9,0.0,999.9,1,321006
2,2015,08,11,2015-08-11,67.9,64.4,1015.0,7.5,12.0,15.9,25.1,73.9,55.9,0.0,999.9,0,357209
3,2015,08,12,2015-08-12,71.9,67.4,1008.9,7.2,7.9,13.0,999.9,77.0,64.0,1.01,999.9,1,370323
4,2015,08,13,2015-08-13,71.1,65.8,1014.7,8.4,5.2,8.9,999.9,79.0,63.0,0.0,999.9,1,380992
5,2015,08,14,2015-08-14,70.4,63.5,1020.3,8.6,4.8,8.9,999.9,81.0,62.1,0.0,999.9,0,377925
6,2015,08,15,2015-08-15,71.8,67.0,1020.0,8.2,6.7,11.1,999.9,81.0,62.1,0.0,999.9,1,370379
7,2015,08,16,2015-08-16,74.3,68.8,1019.1,9.5,8.5,12.0,999.9,82.0,70.0,0.0,999.9,0,335299
1,2015,08,17,2015-08-17,74.1,70.4,1018.5,7.6,8.0,12.0,999.9,82.9,70.0,0.0,999.9,0,338247
2,2015,08,18,2015-08-18,74.5,71.0,1017.7,8.8,8.8,12.0,999.9,82.9,70.0,0.0,999.9,1,370681
3,2015,08,19,2015-08-19,73.9,70.1,1018.9,6.3,5.4,8.9,999.9,81.0,69.1,0.0,999.9,1,380357
4,2015,08,20,2015-08-20,73.4,69.4,1018.9,6.4,9.7,15.0,19.0,82.0,68.0,0.0,999.9,1,388317
5,2015,08,21,2015-08-21,73.6,70.2,1017.0,7.1,9.7,13.0,999.9,82.0,68.0,0.0,999.9,1,381052
6,2015,08,22,2015-08-22,73.9,71.1,1017.2,4.8,6.0,8.9,999.9,82.0,70.0,0.0,999.9,1,357435
7,2015,08,23,2015-08-23,73.4,69.9,1015.3,4.7,7.6,13.0,999.9,82.0,69.1,0.0,999.9,1,316240
1,2015,08,24,2015-08-24,71.7,69.2,1013.1,3.8,5.4,8.9,999.9,81.0,68.0,0.0,999.9,1,317591
2,2015,08,25,2015-08-25,72.8,68.7,1012.4,9.7,7.4,12.0,999.9,81.0,66.9,0.01,999.9,0,346943
3,2015,08,26,2015-08-26,73.8,68.1,1012.5,9.2,7.4,14.0,999.9,81.0,68.0,0.3,999.9,0,356497
4,2015,08,27,2015-08-27,72.3,60.6,1014.9,10.0,8.5,13.0,999.9,81.0,62.1,0.0,999.9,0,368367
5,2015,08,28,2015-08-28,71.4,59.5,1019.4,10.0,6.6,9.9,999.9,80.1,62.1,0.0,999.9,0,367124
6,2015,08,29,2015-08-29,70.3,62.5,1021.8,10.0,7.0,11.1,999.9,80.1,62.1,0.0,999.9,0,359028
7,2015,08,30,2015-08-30,72.6,66.8,1018.9,10.0,8.5,14.0,999.9,80.1,63.0,0.0,999.9,0,332559
1,2015,08,31,2015-08-31,74.8,69.6,1015.3,9.0,11.2,17.1,22.0,82.0,66.9,0.0,999.9,0,322442
2,2015,09,01,2015-09-01,74.6,64.7,1015.8,9.4,8.3,13.0,999.9,82.0,64.9,0.0,999.9,0,352785
3,2015,09,02,2015-09-02,66.0,62.6,1017.1,9.7,5.3,999.9,999.9,81.0,61.0,0.0,999.9,1,368359
4,2015,09,03,2015-09-03,74.5,70.0,1011.5,7.5,6.0,999.9,999.9,81.0,69.1,0.0,999.9,0,378290
5,2015,09,04,2015-09-04,70.6,65.2,1019.1,6.8,12.0,21.0,26.0,75.0,64.0,0.0,999.9,1,362215
6,2015,09,05,2015-09-05,66.8,55.9,1024.6,10.0,9.3,17.1,18.1,73.0,54.0,0.0,999.9,0,331641
7,2015,09,06,2015-09-06,66.6,55.9,1023.5,10.0,4.7,8.0,999.9,72.0,50.0,0.0,999.9,0,300961
1,2015,09,07,2015-09-07,73.0,66.9,1019.0,10.0,11.9,15.9,22.0,79.0,64.0,0.0,999.9,0,284320
2,2015,09,08,2015-09-08,76.4,69.6,1015.8,9.1,13.5,17.1,22.9,81.0,70.0,0.0,999.9,0,374896
3,2015,09,09,2015-09-09,75.8,71.0,1013.9,7.6,10.3,12.0,18.1,81.0,71.6,0.0,999.9,1,396662
4,2015,09,10,2015-09-10,73.8,71.2,1011.3,5.6,5.6,9.9,999.9,77.0,71.6,99.99,999.9,1,401271
5,2015,09,11,2015-09-11,68.6,65.6,1005.8,9.5,12.6,21.0,24.1,72.0,64.0,99.99,999.9,0,411777
6,2015,09,12,2015-09-12,67.7,59.2,1011.0,9.9,8.8,17.1,22.9,73.0,61.0,0.0,999.9,0,433864
7,2015,09,13,2015-09-13,68.2,65.0,1008.0,8.8,8.4,11.1,15.9,73.0,63.0,99.99,999.9,0,382996
1,2015,09,14,2015-09-14,67.6,57.8,1013.1,10.0,14.5,24.1,31.1,70.0,63.0,0.0,999.9,0,345874
2,2015,09,15,2015-09-15,70.8,58.4,1022.7,10.0,10.1,13.0,18.1,79.0,64.0,0.0,999.9,0,377652
3,2015,09,16,2015-09-16,72.8,61.9,1024.8,10.0,6.2,13.0,999.9,81.0,64.0,0.0,999.9,0,400429
4,2015,09,17,2015-09-17,69.3,65.6,1020.7,7.8,5.9,8.9,999.9,75.9,48.9,0.0,999.9,1,410912
5,2015,09,18,2015-09-18,70.1,66.5,1017.8,7.9,6.4,9.9,999.9,77.0,48.9,0.0,999.9,1,428139
6,2015,09,19,2015-09-19,70.4,66.2,1015.3,6.6,5.2,12.0,999.9,77.0,63.0,0.01,999.9,1,442543
7,2015,09,20,2015-09-20,70.7,65.3,1014.1,7.5,8.9,20.0,27.0,80.1,64.0,0.0,999.9,1,393050
1,2015,09,21,2015-09-21,63.9,52.9,1020.3,10.0,17.3,21.0,28.9,80.1,61.0,0.0,999.9,0,359066
2,2015,09,22,2015-09-22,63.5,55.8,1024.6,10.0,10.4,15.0,17.1,70.0,60.1,0.0,999.9,0,367802
3,2015,09,23,2015-09-23,62.4,55.2,1023.3,10.0,9.8,15.0,20.0,70.0,55.0,0.0,999.9,0,358590
4,2015,09,24,2015-09-24,61.5,54.2,1024.2,10.0,9.2,20.0,999.9,73.0,50.0,0.0,999.9,0,324746
5,2015,09,25,2015-09-25,61.2,50.2,1027.9,10.0,10.3,18.1,22.0,73.0,50.0,0.0,999.9,0,365190
6,2015,09,26,2015-09-26,59.4,47.2,1030.1,10.0,11.4,20.0,26.0,70.0,52.0,0.0,999.9,0,427332
7,2015,09,27,2015-09-27,59.4,50.9,1031.1,10.0,7.0,12.0,15.9,70.0,48.0,0.0,999.9,0,378594
1,2015,09,28,2015-09-28,66.8,62.0,1025.3,9.7,6.7,11.1,999.9,75.9,48.0,0.0,999.9,0,323275
2,2015,09,29,2015-09-29,69.3,65.6,1020.1,8.5,7.8,12.0,999.9,75.9,61.0,0.0,999.9,0,360478
3,2015,09,30,2015-09-30,70.5,68.3,1012.7,4.1,15.5,26.0,33.0,75.0,63.0,0.34,999.9,0,381354
4,2015,10,01,2015-10-01,59.7,55.3,1015.2,8.1,21.4,28.0,36.9,73.9,57.0,1.26,999.9,0,394043
5,2015,10,02,2015-10-02,56.0,53.3,1020.6,4.1,22.5,27.0,38.1,57.2,55.0,1.07,999.9,0,414289
6,2015,10,03,2015-10-03,55.5,50.4,1026.0,7.9,22.1,27.0,38.1,57.9,53.6,1.01,999.9,0,412691
7,2015,10,04,2015-10-04,56.2,46.7,1026.5,10.0,19.2,22.9,33.0,60.1,53.1,0.04,999.9,0,365206
1,2015,10,05,2015-10-05,58.6,52.1,1020.4,10.0,17.1,20.0,28.9,64.0,53.1,0.0,999.9,0,344810
2,2015,10,06,2015-10-06,59.4,51.7,1015.3,10.0,10.5,15.0,22.9,64.4,51.1,0.0,999.9,0,374278
3,2015,10,07,2015-10-07,57.0,50.5,1014.1,10.0,5.4,9.9,999.9,66.0,48.9,0.0,999.9,0,390959
4,2015,10,08,2015-10-08,59.8,51.9,1018.1,10.0,8.2,15.9,20.0,66.0,51.1,0.0,999.9,0,407578
5,2015,10,09,2015-10-09,58.9,52.7,1016.3,9.8,10.9,17.1,22.0,68.0,48.0,0.0,999.9,0,402648
6,2015,10,10,2015-10-10,59.2,49.2,1016.0,9.0,13.1,22.9,32.1,68.0,46.0,0.56,999.9,0,432672
7,2015,10,11,2015-10-11,56.0,46.7,1015.6,10.0,8.1,14.0,999.9,64.0,44.1,0.0,999.9,0,378262
1,2015,10,12,2015-10-12,60.2,55.1,1011.2,9.7,7.6,11.1,999.9,68.0,46.0,0.0,999.9,0,328405
2,2015,10,13,2015-10-13,64.4,61.2,1003.5,6.5,8.3,12.0,999.9,73.9,50.0,0.18,999.9,1,379473
3,2015,10,14,2015-10-14,63.8,57.7,1004.5,9.0,11.2,17.1,999.9,73.9,60.1,0.03,999.9,0,392801
4,2015,10,15,2015-10-15,57.1,42.0,1012.2,10.0,10.4,14.0,999.9,68.0,52.0,0.0,999.9,0,407496
5,2015,10,16,2015-10-16,60.1,47.3,1013.5,9.8,11.7,15.9,32.1,66.0,52.0,0.0,999.9,0,430414
6,2015,10,17,2015-10-17,52.7,39.6,1015.4,10.0,8.2,18.1,22.9,66.0,41.0,0.07,999.9,0,459236
7,2015,10,18,2015-10-18,46.1,28.0,1020.6,10.0,13.7,19.0,25.1,60.1,41.0,0.0,999.9,0,400212
1,2015,10,19,2015-10-19,42.8,24.8,1027.3,10.0,12.6,19.0,25.1,48.0,39.9,0.0,999.9,0,366862
2,2015,10,20,2015-10-20,58.2,45.6,1022.8,9.7,21.3,26.0,34.0,66.0,39.9,0.0,999.9,0,377804
3,2015,10,21,2015-10-21,62.7,52.4,1024.6,9.9,8.7,15.0,999.9,70.0,52.0,0.0,999.9,0,389756
4,2015,10,22,2015-10-22,60.5,55.7,1022.9,8.8,9.7,18.1,24.1,70.0,52.0,0.0,999.9,1,410692
5,2015,10,23,2015-10-23,56.2,43.0,1019.2,10.0,15.4,21.0,31.1,66.9,48.9,0.01,999.9,0,428675
6,2015,10,24,2015-10-24,51.5,38.3,1027.1,10.0,9.4,17.1,26.0,63.0,48.0,0.0,999.9,0,436244
7,2015,10,25,2015-10-25,57.0,51.7,1020.6,9.7,6.9,13.0,999.9,62.1,48.9,0.0,999.9,0,390337
1,2015,10,26,2015-10-26,52.3,39.8,1026.0,10.0,12.9,22.9,29.9,62.1,41.0,0.0,999.9,0,356914
2,2015,10,27,2015-10-27,46.7,36.2,1034.1,10.0,5.9,8.9,999.9,57.0,36.0,0.0,999.9,0,381755
3,2015,10,28,2015-10-28,53.8,46.9,1030.4,9.3,13.2,22.9,31.1,61.0,36.0,0.0,999.9,0,386939
4,2015,10,29,2015-10-29,63.2,60.9,1005.5,3.5,17.6,24.1,35.9,66.0,46.9,0.54,999.9,1,403670
5,2015,10,30,2015-10-30,57.4,41.6,1008.2,10.0,11.1,17.1,25.1,66.0,51.1,0.4,999.9,0,428785
6,2015,10,31,2015-10-31,48.9,37.4,1020.4,10.0,5.7,11.1,17.1,61.0,35.1,0.0,999.9,0,441582
7,2015,11,01,2015-11-01,57.0,49.8,1016.1,9.9,8.7,15.9,999.9,62.1,52.0,0.0,999.9,0,390105
1,2015,11,02,2015-11-02,58.3,49.4,1016.1,9.5,7.8,13.0,18.1,64.9,50.0,0.0,999.9,0,348560
2,2015,11,03,2015-11-03,54.4,50.7,1020.7,8.2,6.4,14.0,999.9,64.9,43.0,0.0,999.9,1,364999
3,2015,11,04,2015-11-04,57.0,49.3,1026.2,9.7,7.4,11.1,999.9,64.0,43.0,0.0,999.9,0,384089
4,2015,11,05,2015-11-05,58.9,55.9,1025.8,9.1,7.6,11.1,999.9,66.9,48.9,0.0,999.9,1,402181
5,2015,11,06,2015-11-06,62.3,60.4,1020.6,4.3,11.3,24.1,34.0,66.9,52.0,0.14,999.9,1,419288
6,2015,11,07,2015-11-07,61.4,54.7,1013.4,6.9,10.9,21.0,26.0,64.9,57.0,0.0,999.9,0,443933
7,2015,11,08,2015-11-08,53.2,35.5,1021.8,10.0,11.0,22.0,28.9,64.9,46.9,0.0,999.9,0,392409
1,2015,11,09,2015-11-09,51.4,37.7,1029.7,10.0,7.9,13.0,999.9,60.1,43.0,0.0,999.9,0,352729
2,2015,11,10,2015-11-10,55.8,50.8,1023.4,9.3,7.9,15.9,22.9,61.0,43.0,0.0,999.9,0,378051
3,2015,11,11,2015-11-11,56.1,53.7,1005.8,4.0,20.5,28.9,38.1,61.0,50.0,0.72,999.9,0,372002
4,2015,11,12,2015-11-12,52.5,49.0,1011.3,7.3,11.5,24.1,29.9,59.0,51.1,0.17,999.9,0,406649
5,2015,11,13,2015-11-13,58.3,47.5,1000.3,9.8,16.9,25.1,34.0,61.0,51.1,0.07,999.9,0,427717
6,2015,11,14,2015-11-14,49.0,29.0,1009.4,10.0,18.7,24.1,35.9,61.0,43.0,0.0,999.9,0,446987
7,2015,11,15,2015-11-15,47.6,32.3,1020.3,10.0,14.3,22.9,27.0,55.9,41.0,0.0,999.9,0,381213
1,2015,11,16,2015-11-16,54.0,41.2,1020.4,10.0,8.3,11.1,999.9,60.1,41.0,0.0,999.9,0,347615
2,2015,11,17,2015-11-17,45.3,31.2,1030.8,10.0,11.9,18.1,24.1,60.1,37.9,0.0,999.9,0,384488
3,2015,11,18,2015-11-18,42.9,33.8,1034.9,10.0,3.2,8.9,999.9,51.1,30.9,0.0,999.9,0,391321
4,2015,11,19,2015-11-19,50.4,43.6,1028.9,10.0,11.8,18.1,999.9,57.0,30.9,0.0,999.9,0,394591
5,2015,11,20,2015-11-20,57.0,52.8,1017.7,7.2,13.6,19.0,25.1,61.0,46.9,0.08,999.9,0,422421
6,2015,11,21,2015-11-21,48.8,34.7,1021.5,10.0,14.3,20.0,28.9,61.0,39.9,0.78,999.9,0,439304
7,2015,11,22,2015-11-22,50.1,45.5,1015.0,8.1,6.6,17.1,22.9,57.2,39.0,0.0,999.9,0,376593
1,2015,11,23,2015-11-23,45.2,35.2,1010.0,8.5,17.4,25.1,34.0,57.0,39.9,1.68,999.9,0,366012
2,2015,11,24,2015-11-24,37.5,17.0,1024.6,10.0,11.7,20.0,25.1,48.0,30.9,0.25,999.9,0,377950
3,2015,11,25,2015-11-25,39.6,26.8,1038.6,10.0,4.3,8.0,999.9,50.0,28.9,0.0,999.9,0,358723
4,2015,11,26,2015-11-26,50.1,41.2,1044.2,10.0,10.8,14.0,999.9,57.0,28.9,0.0,999.9,0,242393
5,2015,11,27,2015-11-27,52.6,48.4,1034.2,9.8,7.5,11.1,999.9,59.0,45.0,0.0,999.9,0,275078
6,2015,11,28,2015-11-28,54.5,50.4,1021.1,9.1,9.4,14.0,999.9,62.1,45.0,0.0,999.9,0,344527
7,2015,11,29,2015-11-29,46.1,38.8,1022.1,9.6,9.4,15.0,999.9,62.1,39.9,0.0,999.9,0,333746
1,2015,11,30,2015-11-30,40.5,26.7,1029.5,10.0,11.3,17.1,25.1,48.9,30.9,0.0,999.9,0,347002
2,2015,12,01,2015-12-01,40.1,32.7,1027.0,9.3,7.9,14.0,20.0,50.0,30.0,0.0,999.9,0,374390
3,2015,12,02,2015-12-02,53.6,51.9,1012.2,2.3,9.1,18.1,26.0,57.0,48.9,0.65,999.9,1,379756
4,2015,12,03,2015-12-03,53.5,47.1,1005.8,6.4,13.0,24.1,32.1,57.0,46.9,0.11,999.9,1,414005
5,2015,12,04,2015-12-04,45.6,32.0,1024.3,10.0,10.9,19.0,24.1,57.0,42.1,0.03,999.9,0,431007
6,2015,12,05,2015-12-05,45.6,34.0,1035.5,10.0,6.1,11.1,999.9,52.0,35.1,0.0,999.9,0,451092
7,2015,12,06,2015-12-06,45.4,40.9,1032.5,8.5,6.2,13.0,999.9,55.0,34.0,0.0,999.9,1,398882
1,2015,12,07,2015-12-07,50.8,45.5,1020.7,8.0,9.2,14.0,999.9,55.9,34.0,0.0,999.9,0,371715
2,2015,12,08,2015-12-08,47.4,42.3,1016.7,7.8,11.3,18.1,25.1,55.9,44.1,0.0,999.9,0,382226
3,2015,12,09,2015-12-09,43.7,32.9,1021.0,10.0,8.7,17.1,999.9,50.0,34.0,0.3,999.9,0,391440
4,2015,12,10,2015-12-10,51.1,46.4,1017.5,9.0,9.3,15.0,18.1,57.0,34.0,0.02,999.9,0,406176
5,2015,12,11,2015-12-11,52.2,50.0,1014.0,6.1,5.8,11.1,999.9,57.9,46.0,0.0,999.9,1,427829
6,2015,12,12,2015-12-12,55.0,46.1,1017.8,8.1,9.8,14.0,24.1,62.1,45.0,0.0,999.9,0,439266
7,2015,12,13,2015-12-13,53.6,46.9,1021.0,8.1,7.5,13.0,999.9,62.1,45.0,0.0,999.9,0,377073
1,2015,12,14,2015-12-14,52.6,48.2,1016.4,6.7,7.9,12.0,999.9,57.0,50.0,0.0,999.9,1,370299
2,2015,12,15,2015-12-15,58.0,51.5,998.4,5.9,15.0,22.0,29.9,61.0,50.0,0.69,999.9,1,396958
3,2015,12,16,2015-12-16,46.5,35.5,1015.3,10.0,12.3,17.1,22.9,61.0,43.0,0.35,999.9,0,417643
4,2015,12,17,2015-12-17,48.9,43.7,1019.4,8.8,9.7,18.1,999.9,57.0,42.1,0.0,999.9,0,418508
5,2015,12,18,2015-12-18,54.2,52.4,1002.9,2.4,11.3,20.0,24.1,60.1,42.1,0.64,999.9,1,458701
6,2015,12,19,2015-12-19,42.1,24.9,1014.0,10.0,16.7,22.9,32.1,55.9,39.0,0.14,999.9,0,460986
7,2015,12,20,2015-12-20,38.5,19.5,1028.4,10.0,14.0,22.0,32.1,44.1,34.0,0.0,999.9,0,385155
1,2015,12,21,2015-12-21,49.5,40.8,1025.2,9.4,14.3,20.0,28.0,55.9,34.0,0.0,999.9,0,347282
2,2015,12,22,2015-12-22,54.8,52.1,1018.3,4.4,11.3,17.1,22.0,57.9,45.0,0.0,999.9,1,355205
3,2015,12,23,2015-12-23,53.5,51.2,1022.8,3.9,8.3,15.9,20.0,60.1,46.0,0.13,999.9,1,339355
4,2015,12,24,2015-12-24,57.7,55.8,1017.5,2.1,15.6,20.0,28.0,61.0,46.0,0.81,999.9,1,297167
5,2015,12,25,2015-12-25,56.1,52.9,1021.2,4.0,4.4,13.0,999.9,66.0,50.0,0.37,999.9,1,188254
6,2015,12,26,2015-12-26,51.4,42.3,1032.0,8.9,11.3,20.0,27.0,66.0,46.0,0.07,999.9,0,238646
7,2015,12,27,2015-12-27,52.9,49.0,1013.0,4.5,13.1,19.0,24.1,57.0,46.0,0.03,999.9,1,268841
1,2015,12,28,2015-12-28,40.9,30.0,1030.6,9.3,18.5,22.9,33.0,57.0,33.1,0.1,999.9,0,301398
2,2015,12,29,2015-12-29,42.8,35.9,1020.0,6.1,15.6,24.1,33.0,57.0,33.1,0.13,999.9,1,311730
3,2015,12,30,2015-12-30,44.8,40.6,1026.3,9.4,8.8,18.1,25.1,57.0,36.0,0.58,999.9,0,319649
4,2015,12,31,2015-12-31,46.5,41.8,9999.9,9.5,11.0,15.0,999.9,48.0,45.0,0.0,999.9,0,339939